{"cameraMode":{"drawMode":2,"name":"Shaded Wireframe","section":"Shading Mode"},"sceneLighting":false,"audioPlay":false,"sceneViewState":{"showFog":false,"showMaterialUpdate":false,"showSkybox":false,"showFlares":false,"showImageEffects":false,"showParticleSystems":false},"in2DMode":false,"pivot":{"x":-0.028782982379198076,"y":-0.039931945502758029,"z":0.024528272449970247},"rotation":{"x":-0.11539219319820404,"y":-0.13219770789146424,"z":0.015500922687351704,"w":-0.9843618273735046},"size":0.2078731656074524,"orthographic":false}